,0,1,2,3,4,5,6,7,8,9,10,11,12,13,14,15,16,17,18,19,20,21,22,23,24,25,26,27,28,29,30,31,32,33,34,35,36,37,38,39,40,41,42,43,44,45,46,47,48,49,50,51,52,53
0,0.2787071986792238,0.09732759019213681,-0.1260813227480935,0.010946121764408246,-0.029740096543365905,0.058892309882972414,-0.07595777170850321,0.003169847297433719,0.18932982038400917,-0.04453088284507222,0.125800166867296,-0.03282333560693653,0.001,-0.010250645096078632,0.03929606367429257,0.001,0.219829472544747,0.001,-0.006127245469823311,0.19779416019478271,0.10390838343644096,-0.1568191182877326,-0.13401104670345704,0.009113657273249606,0.06096552126323682,-0.020060455158906063,0.046964547729343914,-0.032529263304449316,0.03727458811627795,-0.0487270281810058,-0.09467868692553236,0.25908405739941875,-0.05255224445252975,0.049480523185254366,-0.15140719669043182,0.16172349085998805,-0.07688619694319485,0.001,0.32788119113658326,-0.04455924594846356,-0.014935833042270925,-0.02722633854815444,-0.12093608817026323,0.10838113992841879,0.08900724046798802,0.016586116275611316,-0.06559807833708421,-0.039157298274336706,0.14889274605201888,-0.02299928842702688,-0.0007997704887719174,0.05110590187388249,0.14349077583860714,0.0544711414317821
1,0.10875451882764821,-0.027621635414483835,-0.071012429214648,0.072780853161916,0.08399264217642546,0.024696682555323122,-0.02240569851643956,-0.043353209498130776,-0.08224931694690912,-0.012374956840776738,-0.025500876277451238,-0.03933037313365547,0.001,0.06376437577802789,0.006996485151765184,0.001,-0.08769027234700463,0.001,-0.06481178922149446,-0.04475975854802365,-0.08951450531826742,0.05641473901138508,-0.03667996152926568,0.05668228873688555,-0.03371690386441502,-0.05426182158953843,-0.05708310174288608,0.0038766885159697783,0.017418025843942978,0.07895936318085853,0.032026014586811834,-0.07681485354277666,-0.0253978407855487,0.10090927094665803,0.0317832066851318,-0.04475974552689882,-0.023213777795320863,0.001,-0.05197704318705787,-0.010266171530712881,-0.02762164010522933,-0.03411435667302295,0.11764233096968131,0.003166289553492786,0.19136109518113212,-0.021477573590449602,-0.0679940077608601,0.01395511348446659,-0.0019366603273464646,0.10361588707763361,0.18970120346052674,0.02913023478796803,0.019912060127567088,-0.06227976564566338
2,-0.23265922132292946,-0.028334321503199866,0.3539274848131966,0.04231331390768383,0.004603896764990609,-0.08441786186169747,0.14194990107053368,0.04709258537907138,0.06741929548844175,0.032771617222745145,-0.13002245030035894,0.007682096801938733,0.001,0.01541294764391895,0.12747564999234795,0.001,-0.18660003030835862,0.001,-0.02044164695521009,0.03377255135861888,0.02532647201624309,0.08347129960439426,0.06676772517187984,0.02913039854271753,0.042405181467093024,-0.12290642962636017,0.013288169989736419,-0.1019810696878278,-0.05866357130217797,-0.13081820201155175,0.04416345670127807,-0.06663355473536016,0.032089944687725594,-0.052004833641259005,-0.01875911415788212,0.027730773203963176,0.13440773447389026,0.001,-0.23825279949694222,-0.08430888334119122,0.03622821571661051,-0.039397220920108306,0.0782548861010815,-0.10992295756022191,-0.1503692102312247,-0.0438605697941796,0.11347711887853719,0.014553746527652815,0.12857172977507958,0.01190521061683479,-0.1145937936320111,-0.10369181046878095,-0.11545704300715973,-0.18801517821929148
3,0.09439596772401976,0.08484793923890957,-0.1079623764543407,0.025291352842991787,-0.10556240031471152,0.13290802135760407,-0.06477022887391312,0.019415976609919082,0.31937381688614286,0.03938027788156655,0.2693744705856603,-0.04806290421247829,0.001,0.06944555678364026,-0.14176505983239046,0.001,0.02287255824894851,0.001,0.0002810194821756487,0.10036048610532801,0.010498081044138515,-0.06327151316966251,-0.08614148056384671,-0.007896825081179802,0.1653786501039419,0.004055017531858521,0.2746049671927502,0.03898594297153703,0.03431148678927558,0.10400450644871663,0.05983341495063726,0.10765267709868231,0.016522925160254925,0.11395529977975707,0.05980503821967407,0.18481378357794087,-0.06710621852418028,0.001,0.3611546041077291,0.04424126950861031,-0.05029492236158996,0.12911805880416427,0.03408679812954298,-0.027639097737375273,0.29251560169556723,0.00939502013312435,0.0012218222509600433,-0.05688798936264114,0.12776044571467213,-0.05785251927963237,0.13401114335433983,0.03399216375174335,0.09433588648098196,0.12767818289427732
4,0.009661158013269592,0.01390333631266846,0.17572220474033878,0.006094200872477171,0.0027854052889341816,0.019517993640837634,0.07419799403019664,0.027622920617589804,0.11144426503671917,-0.00543836268312717,0.07061580801623764,0.01060403229376937,0.001,0.10933808295598785,0.09718914730361666,0.001,-0.011292215406159382,0.001,0.00046254894866627994,0.0490822997056818,0.1078441351137446,0.06077626850224059,0.06286740909333825,0.0436126860231318,0.0591792210798982,-0.006437897944787153,0.1423727667977452,-0.046721532398865874,-0.022981849358636088,0.1608481908340414,0.040904926496537306,0.04600480996666641,-0.01917846689184232,0.06233830395430288,0.07141552283888726,0.05244587298758938,-0.018681009968737262,0.001,0.11554493095767211,-0.03271097109917674,0.04904281056880275,-0.0073581712657397455,0.036119160121490954,-0.024825422846155742,0.05359996921614366,0.07366657605240655,-0.0015785668179718207,-0.03955952969913353,0.20418865166701844,-0.051036562105247284,-0.011461639491655799,-0.01385836159654092,0.07431736592291646,-0.0697102688063468
5,-0.10656845168933007,-0.03992188301500749,-0.0004305569615395152,-0.01653686571690972,0.05883675949926751,-0.0705598465293962,-0.005183073459209773,0.004705996159543105,-0.0011761583959253438,0.05771514982571886,-0.11634748909535904,-0.03869936179472982,0.001,0.0790323860943058,0.07656839323290957,0.001,-0.019179866651427863,0.001,-0.02405607466112365,0.13284999235704675,-0.07543538928327312,0.0390224319962531,0.026735384287942057,0.03592128723698357,-0.059417511341393836,-0.03926853568547705,0.09682807829899359,-0.02994250752527778,-0.05110619379439372,0.022291500690201266,0.0024281127189848773,-0.00402277450148287,-0.024153485568641372,0.02993593961193884,-0.06068526505881642,-0.01250203197384436,-0.030676842666459484,0.001,-0.04449812353414463,-0.038620598146800085,0.024257416816179263,-0.04080439170133244,0.08543562053919193,0.06904788688592944,-0.11360580628043987,-0.018172070118066822,0.0462774072504337,0.06500541444828797,0.03653516791161952,-0.017037983834371394,0.05159402550509683,-0.029633233464109288,-0.04959847521510753,-0.06514218446299186
6,0.001,0.001,0.001,0.001,0.001,0.001,0.001,0.001,0.001,0.001,0.001,0.001,0.001,0.001,0.001,0.001,0.001,0.001,0.001,0.001,0.001,0.001,0.001,0.001,0.001,0.001,0.001,0.001,0.001,0.001,0.001,0.001,0.001,0.001,0.001,0.001,0.001,0.001,0.001,0.001,0.001,0.001,0.001,0.001,0.001,0.001,0.001,0.001,0.001,0.001,0.001,0.001,0.001,0.001
7,0.020541909802412828,0.020444456465685237,0.06019350199670002,0.0020453525047410682,-0.015927655807919966,0.043235283883564686,-0.017610400004465968,0.09673840248470204,0.12359351858330456,-0.09043747360855184,0.24543168963857537,0.02764342077099283,0.001,-0.010543270171346684,0.20168231118708754,0.001,0.06724438240368923,0.001,0.04696139721805929,-0.01246480097180195,0.06915367710405566,0.06728667119089517,-0.00496453208575672,0.0401622138514685,-0.03844971748383574,0.03786281954135999,0.21855517931235163,0.013307404656886677,-0.016974616950198012,0.12734870280477173,0.12913273989857407,0.07884001579210272,-0.057590304559630975,0.03583975590205389,0.15967990498414436,0.044560013714648586,-0.003932932650284979,0.001,0.2586595899693445,-0.03496078446179893,-0.03779205928697728,-0.038274525758059716,0.06227025844089278,0.08050918406314461,0.0861698210004656,0.0935489162017805,-0.0875285379150023,-0.054809805900940395,0.02449139754332908,-0.005777721524853314,-0.035448641805828456,-0.045849153817544376,0.1907894950401995,-0.020052716975702357
8,0.36012358261470123,0.08592704334560212,-0.029028404407595382,-0.029271848539686226,-0.02775545639673562,-0.013121082281394122,0.06545578270276217,0.0340809566041705,0.31398853412821875,0.02798179601565318,0.09212345959458682,0.03598653596102,0.001,0.05964209182824863,0.20659487079768918,0.001,0.16153721314004027,0.001,0.20846587270998196,-0.09034813531173207,0.2972866168177817,0.05352901696288385,0.04215585019866886,0.1778762658846986,-0.023289712584545125,-0.11890115512453604,0.08813842752269824,0.1855111479959407,0.2066136940883965,0.05616319751900914,0.1387255124046043,0.30665647820237296,0.18103188971442483,0.20051502541270136,0.042415067945589253,0.0913499315864813,0.022671392134890764,0.001,0.17971626629259854,0.0693108158067856,0.013283905430360272,0.11719308045838271,0.1280587338175801,0.05468355201724319,0.13171692409642988,0.1327983563468379,0.12644014512834,-0.18918271885160856,0.21744518995801132,0.16930650549850343,-0.029093332846868755,-0.021228687053086493,0.27431744084459103,0.0619446709165776
9,-0.053899192784291935,0.02476848927365836,-0.12436599838313615,0.11447124051264386,0.1348126753871664,0.04355027823481198,0.28105844445207695,0.052757765052876916,0.1383446207266719,0.17919449162822307,0.05744197400928483,-0.0301110654835419,0.001,-0.15108802012353348,0.14035891580565749,0.001,0.11376282292518124,0.001,0.17138079505302314,0.06686889684441616,-0.006188183180438223,-0.02593611491503381,-0.03483418851504436,-0.1395087257402787,0.16489601194312822,0.014738085954400931,0.05784860627024382,-0.0948748665643904,0.16044711254591737,0.20287343771280006,0.006091100305054576,0.1023733442315927,-0.10414009268811811,0.017049830818433642,0.14713328208946358,0.17650251166276312,0.10284954854984309,0.001,0.1363435960910602,0.008224280633341331,-0.038635034176208324,0.12499018919525279,-0.10491481119857145,0.0332606732117508,-0.008009358929452481,-0.10080541711670996,-0.07840478889872761,-0.0038278650137783124,-0.0803955608867928,-0.028333283372170934,0.11224832766527144,0.007104185367961133,0.21132662147845302,-0.04330003150855018
10,0.14501513085112896,-0.032804529945164945,-0.14422678442279854,0.08108009163761656,-0.10802430369566599,0.12156668530209713,-0.026609880149944563,0.05863442232510492,0.22137258467487642,-0.10928158167581042,0.6939931602642683,-0.0016010131793968956,0.001,-0.0644711588103296,-0.03599493873945955,0.001,0.19243061039090253,0.001,0.08950630987853117,-0.05315843242420963,0.02908886690277902,-0.06986217945557938,-0.0435625508163554,-0.061241732705140425,0.0890099509267154,0.19220827802471893,0.18758021827858118,0.10932986623984844,0.05005020947912602,0.2647402492472748,0.12220736900143479,0.19379406995572274,0.0922254174814516,0.0617911683846371,0.17057261058915643,0.31586784905377785,-0.02756958657225976,0.001,0.41960558962866185,-0.012192505126791889,-0.032804535516076976,0.08794664903932463,-0.1258999152747754,0.05816129376960015,0.41904977830817436,0.11324943999156427,-0.09175196871700034,-0.10081736947011236,0.10473561780065899,-0.08628593876280775,-0.0442052912937154,-0.053545255504153004,0.27001323537660593,0.28771871196250376
11,0.08138268871373651,0.009630230923115067,-0.03550481530000048,-0.03180793756366141,0.022667029222264025,0.02838591153523098,0.02731437902148749,0.026263666714314092,-0.016305667633854486,0.05728962394999416,-0.03733622760557116,-0.05758420797596881,0.001,0.0852505914925263,0.01910635342632335,0.001,-0.049273115141143124,0.001,-0.027364173123849138,0.02920999733268383,-0.051685560599975915,-0.05246040775240107,0.02356837833557049,0.08127880362940848,-0.027815864831086615,-0.004569637649265987,-0.054108243429881284,0.017445867973010773,-0.09598678913608266,-0.017040475290920978,0.03597464039518987,0.06387462882964329,0.0388939943612987,0.017239088237979965,-0.02476629810383019,0.002745674048309647,-0.033987651323089355,0.001,-0.04516580844384943,-0.015030860615854928,-0.040441270746445504,-0.04126752699945259,-0.02183821054955426,0.0032125666430020037,0.023840159255649123,0.07829960855312429,0.042617675234547785,0.06473611654901916,0.027768866297613652,-0.016239999918551063,-0.014386816125100049,-0.06253010276395263,-0.017712582835328394,-0.04382423230212349
12,0.001,0.001,0.001,0.001,0.001,0.001,0.001,0.001,0.001,0.001,0.001,0.001,0.001,0.001,0.001,0.001,0.001,0.001,0.001,0.001,0.001,0.001,0.001,0.001,0.001,0.001,0.001,0.001,0.001,0.001,0.001,0.001,0.001,0.001,0.001,0.001,0.001,0.001,0.001,0.001,0.001,0.001,0.001,0.001,0.001,0.001,0.001,0.001,0.001,0.001,0.001,0.001,0.001,0.001
13,-0.060637093124663005,0.18653207704706892,-0.0011524987283069088,-0.07017407683329475,-0.05997724248786082,-0.018759246430023628,-0.05334628075426485,-0.04735943437076708,0.1565840902903011,-0.026844480112370676,0.06761888653537089,-0.0026177534630063546,0.001,-0.26183621200775214,-0.19748877483749244,0.001,0.14532218448497297,0.001,0.05601677377067026,-0.02334828133623534,0.0555136455677076,-0.12273025287183204,-0.06703008179702158,-0.025301725057087335,0.2046620404100869,-0.047759681924632105,-0.006461812858130763,0.076818626535097,0.17054360129728796,-0.06813312451564432,0.051133661562043325,-0.029976930004480835,0.011815038666805684,-0.015226940928157753,-0.044684023200213155,0.004065897473222877,0.12055152625655896,0.001,0.25865352083019527,0.03507051916355315,-0.0018472247800805283,-0.03804588799940487,-0.08078287215198489,0.08856869992479152,-0.028651661822439386,-0.07607568665850609,0.022298939204850862,-0.16868785578141676,-0.04391830423552031,0.14490628598646646,-0.025297106706268363,0.0706467183772909,0.17548957835188733,0.011051545239961479
14,0.0076159464734310905,0.01341963068799399,0.1640381993253837,0.06668243473993858,0.011810139678180882,-0.07154881605333215,0.26558152423680614,0.08519281532320465,-0.013454424149115966,0.11619298821458836,-0.06585360002787136,0.008641843796287489,0.001,-0.038665446829563,0.16856992009852573,0.001,-0.010730023593357944,0.001,0.13832272912690025,-0.0053631060296278395,0.06447212807758124,0.0999165229407575,0.08788031611458519,-0.04641511566627319,0.08178688716654905,-0.02772044044661599,0.10768536942025798,0.014412740303323283,0.13851784227100825,0.05676012091403244,0.04274241874026392,-0.0515111521221247,0.14517450840043333,0.045409518519056224,0.17719056901759847,-0.12802742652411217,0.185509687049521,0.001,-0.19861819861072527,-0.04376397389736773,0.019619994147895153,0.10234554326690949,-0.032039064346588216,0.010648608539262007,-0.11507153141695596,0.028011949083006724,-0.001829139616079097,0.07843842613952424,-0.1153774595174706,0.15465400391306028,0.0008555418086131704,0.04709090186968732,0.0688445372849385,0.004153787401954048
15,-0.11740049211175789,-0.0320930913460171,0.021242731815859776,-0.17300551685917986,0.08186520711738927,0.01818671719169719,0.051766311670200175,0.17378878363484385,-0.1713406210741275,0.14143359729902452,-0.0776510163713981,-0.04916842746344443,0.001,-0.1597598596749641,0.1142656184703009,0.001,-0.15934804270359806,0.001,-0.06590945027287949,-0.032684230690394174,-0.009667597052858926,0.11574920199372672,0.009154713410407704,-0.16886827566470924,0.020834390502975926,-0.005619623651203434,-0.016908542695100188,-0.07801016678656571,-0.07460936008426647,-0.08016323999021993,0.08698651053395505,-0.09575344819458428,0.03948603670351701,-0.2687448259616826,0.1535887530544949,-0.08676834018586227,0.031201277901506327,0.001,-0.11513621827049243,-0.03126083374271574,-0.008439633608107688,-0.05409232553865427,-0.06716154593276004,-0.09738902056552072,-0.07009912674195097,0.060391798423208944,-0.058233340964884486,0.015339609843271361,-0.13883316313839544,-0.03333727172471486,0.02403181834952568,0.1079981134869056,-0.08982801899509818,-0.10386291333415953
16,0.27946706831990903,0.06550663914458983,-0.12398468626415021,0.05428368542801254,-0.006668333863353233,0.16416541701377177,-0.023815061895370717,-0.05641554969167559,0.24467761736575228,-0.14661468016433096,0.23734281015926637,-0.0009881572427404466,0.001,-0.01719683273579963,-0.060794868148906396,0.001,0.35442558541667707,0.001,0.06357892922602315,0.17500154732610024,0.12358809452441386,-0.23417914822700575,0.005029022999504918,0.02736747235425933,0.1365683131574943,-0.05611475607608647,0.15300454543100397,0.00373860691167288,0.19403513289389202,0.20341941783119308,0.05582867463387977,0.1066739293013607,-0.028884019102431012,0.0912681611747458,0.06129721638342697,0.10681515975662603,-0.08685646193454201,0.001,0.4274580258277217,0.020833674663127234,0.04233828918585321,0.09867790904621059,-0.06535032474531599,-0.02346326801789521,0.19491605982906446,-0.015252558602173383,-0.20156832684919843,-0.0028230262628921674,0.09986420967833633,-0.012782468802396352,0.0903024941707262,0.025979556510422316,0.2594728762128433,0.14766642036403665
17,0.001,0.001,0.001,0.001,0.001,0.001,0.001,0.001,0.001,0.001,0.001,0.001,0.001,0.001,0.001,0.001,0.001,0.001,0.001,0.001,0.001,0.001,0.001,0.001,0.001,0.001,0.001,0.001,0.001,0.001,0.001,0.001,0.001,0.001,0.001,0.001,0.001,0.001,0.001,0.001,0.001,0.001,0.001,0.001,0.001,0.001,0.001,0.001,0.001,0.001,0.001,0.001,0.001,0.001
18,0.06696129350076968,-0.07038728453693222,0.1408413369163488,-0.04205698224121262,0.06179344865672092,0.029428722401063062,0.043474535497369196,-0.03510216139897472,0.03603076548255104,0.1181285912881039,-0.1345172742786112,-0.04057767937532813,0.001,-0.017142092807584393,0.2040170097977499,0.001,0.06284262091717877,0.001,0.0035994044834881237,-0.022348771381756484,0.07142355961588873,0.07164003545775799,-0.01096174304823361,0.104310667770813,-0.12046496540919624,0.021413015182092654,-0.028290512281789002,-0.05258556627766615,-0.0679688506564294,-0.030067103291597685,-0.03280458596039822,-0.07067196614270173,0.12012659627887341,-0.008501852900408665,-0.10631400180655952,-0.034195438299080574,-0.011874416497297011,0.001,-0.1694645430144427,-0.03824294867658404,0.015576646329387827,-0.015605721554288647,0.1213098955827923,-0.004579778296688966,-0.17818745256957816,0.06270991755795528,0.013613040618536406,0.00044230556902814317,-0.03379230032452946,0.05644615163644139,-0.06553118287812477,-0.014136847472761822,-0.07335409612640584,-0.03636923644006781
19,0.12413453204924327,-0.020630929106127516,-0.05901750129548513,0.0015940106569135625,-0.07867103449139494,-0.006007267169721003,0.16666947688024078,-0.14006317658046685,-0.07732080982878872,-0.00867504071958111,-0.0690832578393609,-0.04499879448244787,0.001,0.02834662293389452,0.032143555138220356,0.001,0.20059302496238549,0.001,0.08014334747164431,0.24467648002100578,-0.04271106876531051,-0.014651605968248552,-0.05755156646960438,-0.011805846699764816,0.04512145351669979,0.05625463768878645,-0.011999131569446597,-0.14707552868908902,0.08618946416523385,0.028760910806615567,-0.11013752016697455,0.07867873043846148,-0.07427211383101921,-0.03712148711185273,0.04029659440500627,-0.04812602783276729,-0.06288738392405027,0.001,0.16238648224333213,-0.027811615850489885,0.007975950220359051,0.024144203490574067,-0.049110815044045554,0.0492946369610868,-0.05468911360727172,0.002008092293567757,0.04247389171785607,0.035119550139252435,-0.11875843935072777,0.1344268641884677,-0.011120520187860881,-0.06372038362188365,0.1908390917546725,0.0090420661938233
20,0.13397805816217254,-0.07345042946599999,0.09735462219399865,-0.060547349159298186,0.01803976171077696,-0.09784431430305394,0.06841364793952377,0.2657870243317502,0.02572590351125241,0.06318973069720855,-0.039700430655246456,0.09871221950607964,0.001,0.031944670395889614,0.34519923009985604,0.001,0.0348061562214483,0.001,0.15456403349430553,-0.07661631500960014,0.21558661247347474,0.14003363216557965,-0.034438495676440986,-0.04093300263594334,-0.03258706216379393,-0.06009975189613219,0.13288333227298058,0.10865837388178567,0.02863888178881433,0.10187934473105892,0.13415822396155533,0.16674847443406812,0.13935000408981807,-0.02732973548397805,0.21754426184491596,0.010019135297140444,0.01937555998547516,0.001,-0.010933672437307522,0.05933705938966894,0.025688506460438607,0.0962228821579126,0.1417932824392409,0.05514013006143483,-0.05698576723942138,0.15919550476250086,-0.045273371641589275,-0.027639835328392436,-0.03174863980278904,0.10335181662970144,0.11986463770537577,0.10599281103990296,0.1810744559691998,-0.04297902351235843
21,-0.1206426745169141,0.0825912672626574,0.37569784875996776,-0.061341833571702135,-0.09890159743721731,-0.09306890705815896,0.03394002494804454,0.060653166438921866,0.12742428790893048,-0.0042508110900199274,-0.08136015588969428,0.12970339581705448,0.001,0.021413822463156193,0.08612061173422293,0.001,-0.12571866291214193,0.001,0.07224007995902056,-0.11809672328911389,0.1513912693926713,0.16314046222017148,0.07103102792299942,0.07648279545632183,-0.09916741446755585,-0.17178515016051005,0.10500183569570694,0.0394308973259334,0.07955734524119552,-0.05379891598897843,0.03773351113443199,0.01741175266486098,0.0729930446594019,0.039547841825379376,0.05651851096061191,-0.057355015545141476,-0.026246954860335944,0.001,-0.14975037388423373,-0.009710389060161697,0.05993875802457009,-0.08824482754415772,0.28792492240477957,-0.014882585800036083,-0.20487420389327524,0.03398108791423066,0.08798142275869215,-0.047690327392068105,0.20116468032517662,0.09699116900683603,-0.11340300953174223,0.020679272608178915,-0.11669366093653423,-0.08207991928884299
22,0.0778268713802593,-0.05605567016242453,-0.07703590647041138,-0.048501380465888276,-0.029378790637652814,0.043445420262630124,-0.045470386780127964,-0.07704608495753894,-0.07926670262899178,0.16090554568505763,0.06064751782088211,-0.0008460032179901227,0.001,0.13712233999073165,0.07801482965860826,0.001,-0.08765898846110506,0.001,-0.10861521921259175,0.030955499781277783,0.08789064547722379,-0.002049854197233751,0.13161762626424295,0.06680671348691292,-0.1226240831429803,0.06271146058391132,0.0448889010130974,0.008934164336254559,-0.19478058839542028,0.021794654189661245,-0.0813150482570381,0.03917733875322958,-0.02225091661643201,0.07976166094491688,-0.04027661569032536,0.027328174143804597,-0.047110312325532415,0.001,-0.005296311764890232,0.0698228966407168,-0.05605567968187833,-0.0584046353320753,0.06906268498725039,0.005362258835109426,-0.017267714785774664,0.01873434773663159,0.04719810705349011,0.08221745213331833,0.010329284126308179,-0.06479808829890342,-0.04665184600463615,-0.024399165249021117,-0.09684060167862191,-0.03661667651854251
23,0.09993418786557567,-0.007041315874307811,-0.05195156471251143,0.02052493543663221,0.04645259203975022,-0.04449228574848287,0.16274347200409628,0.09072192118595748,-0.15746150529548103,0.1305556158977769,-0.09705973121224352,0.056150856656285664,0.001,-0.02165806395359334,0.3110539050549763,0.001,0.03206484199756516,0.001,0.13627617328214303,0.04629092748768876,0.09887271643568067,0.0516613067039594,-0.028874161799061764,-0.01623078342252955,-0.12592887340236483,-0.0813547873996082,0.0055098905213248235,-0.08604657978558623,-0.04908447104433663,0.03957937839693674,0.08420673936317291,0.13009919820882374,0.03138898787084694,0.04881148024758396,0.15725967843869867,-0.12471779800239184,-0.1160569400942374,0.001,-0.1282631634903888,0.0937917214384731,-0.019571781571179562,-0.025801828767294577,-0.03638009075975665,-0.01951757531232759,-0.14649077933581015,0.0958469933616692,0.023194200046124446,-0.051537622546318884,-0.08816038420962197,0.05670521363670728,-0.03525745238990561,-0.0470936273526592,0.062355330351084634,-0.03790485969344761
24,0.004845878808576876,0.1482332657669379,-0.05495952505326716,0.1380200276939205,-0.062018574929790245,0.08423247932578433,0.06524237093510846,0.04959812169971113,0.21093665649812565,-0.030212174720370622,0.11444739442176598,-0.007149071790323638,0.001,-0.04213872009547573,-0.06436738572959692,0.001,0.2230642007057085,0.001,0.1992487940904191,0.05999081706075946,0.07629487966200243,-0.15605975166025404,-0.018613268091605812,0.02524365450374242,0.2698127985004469,-0.026075141737787858,0.07659761190995429,0.05664516809147284,0.31429605551741996,0.10997274489983183,0.022801370293782822,-0.008318754564165599,0.023534866133399168,0.11747179343321279,0.07977035434892304,0.07091895029218531,0.06579230164761443,0.001,0.24399930851100576,-0.02019322915611985,-0.017653818435571345,0.16131000721657335,-0.0281249807799582,0.07384106796410432,0.050524378306621286,-0.07100542148753612,-0.11846669767613724,-0.00529379782391712,-0.03163331947280327,0.053487394726900485,0.043736552443299194,0.0669566695261204,0.26916966245118723,0.08964538225243657
25,-0.07127911690736927,-0.05747858423574081,-0.11384101555117865,-0.028709627332946398,0.019872037610638073,0.11954482027215899,-0.03495622707242833,-0.07836869904416878,0.07537558531920216,0.006522948320466249,0.31362970005122637,-0.03401237253155214,0.001,-0.11383704509726751,-0.14867506605772962,0.001,0.14054466951160693,0.001,0.010984423720267169,0.010062202244000817,-0.09072762761640438,-0.07045641322501854,-0.0488565416353757,-0.030949132904029526,0.19676413412959828,0.1883516933980214,-0.024521191781485516,0.02496560456502497,-0.11249118000852527,0.05321310229979151,-0.0636793796278467,0.09726727610294465,-0.08257306217183547,-0.006607250546010257,0.16416904277402924,0.3091293044585028,-0.00847150347195594,0.001,0.25922199390424355,0.04299304507707156,-0.054114980967279,-0.008160704768174005,-0.09313122329765934,-0.01357694501636493,0.16104741503215383,-0.012221809201459786,-0.04526736953747515,0.05775197187433154,0.020185781481149818,-0.06032584416271647,-0.0022161139015906463,-0.020869598993857864,0.04019220634615059,0.05730744944065795
26,0.1311111193861195,0.0650112721428495,-0.23687530686982775,0.025910891320513687,-0.03246045590340329,0.08373172644559522,-0.10285633921834586,0.06368197318673843,0.23611090774158758,-0.028999890161513265,0.2515851400104143,0.019839936550176573,0.001,0.0480719681824151,-0.1052448681856612,0.001,0.1970069605855472,0.001,0.012842855120692389,0.10180835009364567,0.21158588964291328,-0.1753519338513743,-0.04127845799786393,0.020668288601949136,0.13129799830960548,0.07978664631415919,0.07821519426356317,0.13043247692507667,0.08745366506721787,-0.003579878812532703,-0.027750174926685595,0.2711904060577135,0.06342311610196896,0.18683062597622418,-0.004634224197879143,0.28454260584544017,-0.08340220751751701,0.001,0.386933866664758,0.011217165881831734,-0.05231577394189457,0.08484296759155328,-0.08803782597215093,0.16195609562713104,0.14661619100803386,0.07774709608615459,0.10717394119821204,-0.1480639279730452,0.09637613536752397,0.0378210135303201,-0.06790638535226726,0.025362816598537258,0.3593746040145248,0.09122451074757991
27,-0.030800573431918575,-0.07743858282510215,0.07070664549453638,-0.10539530170281221,-0.10667824451188,-0.033092509009969476,-0.04513643042231943,0.0026952457289694514,-0.11753767204026273,0.041549075340712706,-0.11841543992415103,-0.09262848036935524,0.001,0.14943521584917055,0.03675505918411851,0.001,-0.007074954323133256,0.001,-0.022714014967189913,0.11774921971554703,0.04604246288130009,0.030703660502304962,0.16187910233205888,-0.04321006892872109,0.011547724306333412,0.08389509056607161,0.07788103179951142,0.30723271896238913,-0.10727093559565096,-0.13466493236797217,0.000368698353033667,-0.07280663142353658,0.21248036161438277,-0.03652667782304938,-0.10198668871209508,-0.055247793131738734,0.1190268907664016,0.001,-0.0967297400387262,0.06598317316647737,-0.00686945244802012,0.019252554186280187,0.05821047060057151,0.08126169171016746,-0.16774525517553146,0.058514700199622495,0.19817191678395965,0.14371163211454951,-0.0274154495896807,0.0005807625430110194,-0.066144281185925,-5.972864063325738e-05,-0.07214887566504959,-0.014506609741288987
28,0.11357156086874379,-0.15999400455069218,0.172540548026518,-0.033794832923146764,-0.025026873991515857,-0.08189310440596416,0.15163686770723037,0.16752032201781175,0.0011787063004042588,-0.18752983239992735,0.00782557115869707,0.12254671712357029,0.001,0.20933606748007222,0.3389624828662241,0.001,-0.19023230048454834,0.001,0.09559067884421733,0.22825340567258298,-0.016793752861842693,0.29253485693644515,-0.07161678214076561,0.05506122704452216,-0.013869286140842624,-0.04477911006443699,0.28591403199537324,-0.05936850154944566,-0.007230062850594902,0.33447098598538366,0.11914692255190168,0.16728245367530636,-0.09470057773510307,0.05440190949979937,0.2937918976826578,-0.09191790239759755,-0.13446217845145386,0.001,0.04461949431619334,-0.02229189025615483,-0.07632144451086158,-0.08061572657355673,-0.036999263275917224,-0.057189368146093156,0.05624286108832369,0.21752642006166523,-0.017530741478402567,-0.12637705013080172,0.17194052017412464,-0.17535030947736277,0.07336849322621279,0.019027748581661768,0.09275629833091008,-0.08862923330155963
29,0.008224287263035819,-0.03153454901228611,0.09335962584349486,-0.09099732377898125,-0.000512011161441137,0.004163643982502811,0.15263338686836733,0.05400541674370444,0.10568915072775353,0.03194359970454032,0.08808272690625356,-0.017728956599125517,0.001,-0.16082931797215005,0.09043796779744881,0.001,0.1648827295571351,0.001,0.19006637396438478,0.025489632799694982,0.09383717037000384,0.010009613075501241,-0.009295783257559701,-0.11310199556444885,0.02824314414799067,-0.028659672636472355,0.20395573035391112,-0.07893796963628998,0.14012139295198803,0.1580657430343314,0.11235884329405121,0.11546456958951214,0.07417145283843846,0.10616959898826209,0.06006846327829595,-0.00977008109710718,0.04204309570602796,0.001,-0.034321212826107526,-0.03345885845295461,0.033022458007226085,0.11480228932611095,0.11664716879984445,0.03790638266029381,0.015365478315672615,0.11198566667948143,0.03055549558578605,-0.031209762331613135,-0.03625648004514937,0.1737214378793396,0.04413416325980098,0.1212671919967113,0.1829888900299922,-0.0045388765532750055
30,-0.07797225384471733,0.05613878344454716,-0.05785156891479288,0.12970454891336133,-0.002401137490128453,0.017277021745254074,0.030639151667271245,0.028745705276919314,0.02888246845034074,-0.0058347850281921425,0.12178964258899022,-0.035813481663998156,0.001,-0.11850451464036414,-0.08234723975829737,0.001,-0.01820041424279744,0.001,0.05117592734834529,-0.01100222995380801,0.020236491259662395,0.04183342687638518,-0.01606163254650173,-0.0293640198168214,0.19399821949360121,-0.030295891885931597,-0.01918879546967681,0.01155886129987656,0.06788944859156235,0.09479274598653788,0.11602231074407933,-0.08074827503131145,-0.0033199465325585596,0.019867964369161748,0.08091490754431929,0.09748500464369975,0.06743399189772746,0.001,0.05441480135925516,-0.02897348881335868,-0.0253336335420912,0.0031702465142852045,-0.18622113174272978,-0.024778316736432087,-0.014661912689913813,-0.11449595612088227,0.01998048869452833,-0.037315549285342635,0.09451467819304664,0.005452169943995256,-0.08415423605625325,0.004445776667657086,0.0020478547726774676,-0.030969887671658612
31,0.31496832306223094,-0.031250493005894206,-0.07001458242078763,-0.06710413317954474,-0.005675253372110995,0.05492933911004539,0.10903121224188421,0.1697979381643916,0.29210440466900706,0.1366785633156076,-0.08307196616193842,0.02524174440002319,0.001,0.06019576287644846,0.3379089540679548,0.001,0.21649166073326237,0.001,0.10429661489583775,-0.023966907634153004,0.3466679313798527,0.15233925019721678,-0.04186771097079396,0.10463998199719234,-0.06071190661181471,-0.08500812246758395,0.1186302719160129,0.007444073446403068,0.1818428788558195,0.13153876712423154,0.16889823811742477,0.34639141743122953,0.13353336575663888,0.04335399539508229,0.14903020820765656,0.13304448949709413,-0.15792707145652882,0.001,0.11210988939764013,-0.002121276684596402,0.0225812214949511,0.028042028360039755,0.25608649027999864,0.06543232622421098,0.009218369861591306,0.22143173008628458,-0.016617462777811846,-0.21514482026992257,0.12169816704208067,0.023377531704421792,0.017169646030245175,0.1428562695215213,0.2311320899053296,-0.06212926577399341
32,-0.03133419350746395,-0.021499644520990402,-0.0642833489517352,0.03434585490380311,0.04928106147917911,-0.03199357536569809,0.1057011719511294,0.06742211717760177,-0.0331192382853277,-0.026059467705577353,0.061492742691298945,-0.0006417676817305304,0.001,-0.0008658659010289966,0.1111455036144943,0.001,0.10082802992793986,0.001,0.04313130200437807,0.00734939013801318,0.05683249000221422,0.02947357334572046,0.0035413737836219286,0.004151870405176574,-0.15203931080293284,0.07541327397365494,0.016907384835427686,0.0020461454419995933,-0.07879497789009547,0.02722270024848883,0.10786581569194828,0.055656109264955914,0.18807783598226382,0.07020289170464125,-0.021104790693310952,-0.000837662535695522,-0.15063865649952504,0.001,0.012682429005315141,0.072134110125231,-0.047712449252223336,0.04459402650548871,-0.025432481315379698,0.12777610607399806,-0.027211621815951673,0.029089483646866084,0.12312662483865378,-0.12071963658213333,-0.1227071173184878,0.005158770067386547,-0.09655998272205987,-0.06803473136829356,0.054930896944799364,0.09399444432779902
33,-0.03387310040781116,-0.047782342890776625,0.00040159847897361714,0.0336948644266114,0.009065540298719255,0.03449162403302177,0.14513149119868712,-0.026918734166260113,0.032476799255193076,-0.037863379725518655,-0.023315719240012075,-0.03203786728253223,0.001,-0.1660008206025268,-0.06453967383015605,0.001,0.12367157007375452,0.001,0.042664386386647046,0.11104576470983044,-0.050783768314149144,-0.12930979725309244,0.0667393812154951,-0.12990733484977082,0.08266951245826215,0.042641850829141494,-0.019216560822884372,-0.012045000585716946,0.10788370149122974,0.02022268995768185,-0.04534681545313297,-0.023209258738254343,0.053021975230280044,-0.04796726659223353,-0.05068212146402384,0.010468822818010709,0.03238452815073674,0.001,0.0632864599261945,-0.014651273575227254,0.006179458448455027,0.013757518916814194,-0.10412767601149671,0.06606876180573747,-0.061457536773946476,-0.11261895265906592,-0.10903072869951298,-0.05112961718614797,-0.06823358556744279,-0.03435287570042749,0.010626744915863866,0.06294468349371331,0.09306371359844917,0.008926123621493856
34,0.11964241813206611,0.13166312305877512,-0.029084604711353122,0.0985046340557873,-0.04027064705099391,-0.012714726923700655,0.05086526185677105,-0.011998851524284858,0.16486830183872608,0.23504876115467097,0.12669937122019528,-0.042660948518704965,0.001,-0.11214548512409563,0.07414554121180424,0.001,0.09799301573247342,0.001,0.04015927780115763,-0.15857309333131214,0.19177292221181186,-0.013660025164692873,0.08101330902588344,0.09023981841408601,-0.041917242320116774,-0.004341534996386822,-0.06946212875245662,0.022186096627675508,0.14994797916550326,0.055206165763325266,0.09054820736072745,-0.026204796085749014,0.1544021957353233,-0.03240421383945461,-0.009309814832802375,0.20340930541008914,0.10688967698553835,0.001,0.0689496054054609,-0.0012567430538276368,0.028525993843099045,0.04528588311153312,0.07649608171901484,-0.026181519409844794,0.1399541737527617,-0.07890174182709156,-0.0238665535519156,-0.09874507058843245,0.11986718510846595,0.015011245323495999,-0.07942630563506757,-0.047384361303076404,-0.014732306266834931,-0.012598473527672535
35,0.001,0.001,0.001,0.001,0.001,0.001,0.001,0.001,0.001,0.001,0.001,0.001,0.001,0.001,0.001,0.001,0.001,0.001,0.001,0.001,0.001,0.001,0.001,0.001,0.001,0.001,0.001,0.001,0.001,0.001,0.001,0.001,0.001,0.001,0.001,0.001,0.001,0.001,0.001,0.001,0.001,0.001,0.001,0.001,0.001,0.001,0.001,0.001,0.001,0.001,0.001,0.001,0.001,0.001
36,0.04125718587428551,-0.025496237750625667,0.02026215864302211,-0.08222070184345949,0.052327310504103754,-0.10584789639283983,-0.007162208387918943,0.07898023333460745,-0.08000018269666297,0.0882158950749571,-0.05454768322059758,0.09459512929147529,0.001,0.1473362402971628,0.1455211974340415,0.001,-0.08613184713317203,0.001,0.05879143897071317,-0.05260400965144468,0.08467352983383457,0.08993236561618964,-0.05167069010866764,0.036081560390559014,-0.12992861054489246,0.03278941514220976,0.14016094634793627,-0.11061863698869003,-0.16960907498849317,0.20431268685214332,0.06876289148920114,0.0783833427556127,0.04339015042763773,0.06372156741880321,0.13554229820302083,-0.04969578799211269,-0.0496554621792418,0.001,-0.09347261650732415,-0.021959867827789567,-0.059084105898967725,-0.08430991865048688,0.09513805677850401,-0.060932830528860324,-0.02287487399933768,0.21609742102846907,0.14505651723396462,0.08575068116924046,0.10632491539964063,-0.06192230051547561,-0.028023178273513673,-0.021162951921102267,-0.09121122882964484,-0.07907623602583487
37,0.001,0.001,0.001,0.001,0.001,0.001,0.001,0.001,0.001,0.001,0.001,0.001,0.001,0.001,0.001,0.001,0.001,0.001,0.001,0.001,0.001,0.001,0.001,0.001,0.001,0.001,0.001,0.001,0.001,0.001,0.001,0.001,0.001,0.001,0.001,0.001,0.001,0.001,0.001,0.001,0.001,0.001,0.001,0.001,0.001,0.001,0.001,0.001,0.001,0.001,0.001,0.001,0.001,0.001
38,0.1912643008359971,-0.03711713111937987,-0.1504537499999642,0.11430432923701637,0.044591252886245256,0.14684016691758844,0.2038826879601065,0.1203263593183442,0.4232458651395068,-0.02253489321033966,0.18520021668681755,0.03198692645431111,0.001,0.05905558255762981,0.08030995912106045,0.001,0.22408421613555776,0.001,0.047410176894646335,0.16646052137960762,0.06337462393828285,-0.03824569502584323,-0.04122636737030885,0.057418417725840866,0.1519330146109425,0.11766297378972937,0.12914315758786127,0.17836168831957538,0.20808882338356421,0.2806574883523536,0.09682330162104158,0.2338793936542519,0.1317380272745904,0.12483675083148037,0.11712893010972615,0.18312792693359292,-0.08258186392606648,0.001,0.35430511998374403,0.01885726422125062,-0.035339438485799846,0.15707275478354177,-0.10847131220744628,0.22163807863591603,0.23628171379381574,0.037357544373507766,0.02863240449636604,-0.17868184991349437,0.057979787030641786,-0.011972815461709444,0.010137372626978579,0.019569435875022637,0.520178382743378,0.008298368559668791
39,-0.0407841418637874,-0.04136009018544953,-0.01828121988055759,-0.02962209515880861,0.05141495548001509,0.03393417212712935,0.10040538042668233,0.3005382121198275,-0.039865412762369414,0.05915943563704604,-0.06661324358538513,-0.021714244324865704,0.001,-0.0373253028262046,0.30086344564660605,0.001,0.0872322102194778,0.001,0.03031530825709143,-0.048764712470500564,0.12253899653661211,-0.00303260616629707,0.001030066360120755,0.01740338394658482,-0.04437586541614056,-0.015211567058139584,-0.07739257735487488,0.10955708407186023,0.06962755507131625,-0.028212259823326074,0.12242764055234227,0.035551128113631425,0.20204980705234515,-0.10808782748387802,-0.0026429810356858514,-0.05560142141666063,0.0030480266818587987,0.001,-0.08505115893612371,-0.03622808660361482,0.008645380051440388,0.20201153943541592,0.0544120253707464,0.09864866268085115,-0.11300287015574226,0.04896857477613636,0.020574511194427526,-0.029467431539093217,-0.14698336108405508,-0.19330955855679524,-0.004329373456301154,0.03979762855863467,0.12931645422240876,0.015791922685778753
40,0.017088257122838315,-0.036250355217916225,0.014073981347942476,0.01572952496048525,0.06534632501407105,0.018222514436899335,0.037065370398223677,0.09209324580246601,-0.013680066355143506,-0.06522659416837187,-0.03346709235547324,-0.011220801558723273,0.001,-0.0149272776141931,-0.01346098042870347,0.001,-0.013539273808308548,0.001,-0.01468537511323236,0.05112567226075132,-0.03517546256955434,0.0027855795516365236,-0.004804227389585791,0.026647470943912316,0.06541632118551752,-0.04440019555455228,0.04666236494788687,0.03150136749530299,0.01381351048010892,0.05641932982313671,-0.010770138675070264,0.02726805929651469,0.009128610728803355,-0.002845613884888935,0.05851001019303271,-0.05874223775913015,-0.030465527417283186,0.001,-0.00408242389296429,-0.013473219783404168,0.01656332000865079,0.02265388544048194,0.049198780903718466,0.0157897066056799,0.04078189217229615,0.006115925493240856,0.04119102740112246,0.03127486817836534,0.028815116184424037,-0.03635122255301577,0.040991690058256924,0.08132559932525069,0.07924090662974337,-0.08173533513370582
41,0.1574442939292398,0.034341889529750015,0.22778048207039536,-0.02611207647016253,0.008451823115872911,-0.02802615894573402,0.30565851231840174,-0.006346553765807843,0.07358320060551765,-0.06527369410262882,-0.07541600005852671,-0.01952027685535027,0.001,-0.0266135182071976,0.09947661517727767,0.001,0.11663225209546542,0.001,0.06829909242780657,0.10281935098912111,0.15387462344644345,-0.05205970065830536,-0.005650961754904512,-0.05626973983878915,-0.03994012430106109,-0.0733516969502613,0.09114527324220283,0.02288604793898384,0.09542727030308568,0.20994678176369183,0.050293625832247606,-0.03623839458903095,0.12920056963158225,0.008464278038345143,0.056283830563810394,-0.11340241690380289,0.16027115045910081,0.001,0.06061417020172173,-0.030361058354911992,-0.0033813512453544684,0.139585107317163,-0.08361474772239466,-0.1730336634908439,-0.0610032546838539,0.04601827898757657,0.0689060813025018,0.00830508934460424,0.19153426702445325,-0.10561467639513229,-0.027748099975385063,-0.027681201023942056,0.0814707045581762,-0.05233291865230196
42,0.10511625740782826,-0.06413941398759372,0.05167026554123106,0.012981988105652417,-0.015438671995995667,0.05960631092230358,0.03248356281028454,0.06902538196199083,0.10959092057584698,-0.10660714574506985,0.1204242627351543,0.055730709665349785,0.001,0.01927365232543135,0.02514022332207717,0.001,0.15030510204437528,0.001,0.05943025076239485,-0.00032350427443260247,0.11785620165219131,0.11646809819866827,-0.11587862933635087,0.11739360811274399,-0.05598371852794144,0.11425250782310717,0.07299696077906209,0.006630416726090972,0.044249014554001716,0.15611077814885224,0.03412098145635275,0.17187894734318634,0.028624245037087395,0.022592800927097024,0.10859073388290319,0.20747349211079844,-0.0962496034502378,0.001,0.20408606067995091,0.02444959379880139,-0.02794397789047936,0.015783153641847864,0.13407399089163252,-0.026194039247233524,0.04830962195744008,0.07268070529209486,0.014315045410946988,-0.04365323350356147,0.22305856336333962,-0.15032133047165655,-0.007003863820143939,0.059378886047232335,0.08424493354454302,-0.023920486516084777
43,-0.07682024700674218,0.050052385946829855,-0.006880430903509588,0.06698550695867596,-0.026755977636046438,-0.03746176091101554,-0.13084546957542495,0.053458047603743335,0.10529223475319362,0.03414911113786223,-0.064460992930649,-0.011897513761699058,0.001,-0.017638639806582947,-0.08557872593288536,0.001,0.005504942289157645,0.001,0.040217251093700675,0.013472146786965958,0.046505142631174404,-0.0013003065137489624,-0.10619677304294989,-0.025043746112509063,0.11189698268862878,-0.16049598149762911,-0.01595386451154387,0.14165011080102424,0.1165017230682052,-0.16197799093101278,0.07232579643102491,0.031233210134600814,0.0832752173838316,0.02121931484202016,-0.06127876798284401,-0.011540775739573433,0.1275483805217099,0.001,-0.04854607958227408,0.014200231348830814,0.010686985286518048,0.0443709857650548,-0.004128469293309792,0.17552434639334294,-0.08847755484116131,-0.06325882854318066,0.040309683830885554,-0.09442371448856676,0.025607005376102186,0.2520321999002358,-0.040301428226985556,0.02819925152095291,-0.0002575842237620522,-0.02370686015508519
44,0.14126281293637258,-0.01944081457679823,-0.1093135891805131,0.08150026662053278,-0.0682071380400996,0.10373973239810659,-0.015769704573442414,0.060136480058754216,0.11853623860114147,-0.06476309733960371,0.5246730177177831,-0.027681724121474186,0.001,-0.11208126446035213,-0.04901128841494997,0.001,0.17512197692843842,0.001,0.11283051743742781,-0.03150306465844171,0.06167082262800492,-0.03027664209420398,-0.025816296539799652,-0.06956800618755717,0.047790877454429975,0.18946913922153036,0.12802078416328994,0.045411399940281094,0.006322338778281671,0.20832448603855688,0.09808947099163542,0.13543619668774667,0.10948505376383516,0.06946025082244023,0.10243674237317384,0.1673247545352973,-0.01633845147015392,0.001,0.26923806195160355,-0.007225594507613393,-0.019440817878265074,0.17490641385854794,-0.10683960019649016,-0.049500671622410425,0.3616087593930703,0.08054623574271771,-0.0479554039751313,-0.08501795427835773,0.04093446153915752,-0.05113528341594038,-0.02619720120333989,0.03131839317660852,0.16526263081769824,0.23009704990229696
45,-0.015873255327945302,-0.018753880752575607,0.11095022815125646,-0.02975076911049143,0.016929554451630864,0.03931350615257138,-0.07542502009601916,0.2224245641379211,-0.03869345065268338,0.08060577444055426,-0.05049799132925955,0.010004483782675756,0.001,-0.037118611486726044,-0.01898627459861731,0.001,0.039788655543562555,0.001,0.09976474203179082,-0.018973583725078926,0.2424539899955105,-0.15452893985983454,-0.04971932795005775,-0.10956738565626849,-0.036511043170646816,0.042619734499840224,0.0918115985003385,0.061687413711573255,0.008966271102160833,-0.05350662698280408,-0.015216636509070432,0.011662181439807538,0.0847220986441006,-0.04451640754781035,-0.04174626244084046,-0.07463347082445984,-0.029557040633344665,0.001,0.022272133660600057,0.10754722706127338,0.04877895569753383,0.013090386342784595,0.1489440574536249,0.076180948640951,-0.20158291920868415,0.06370890125744434,0.06489664212514913,0.038010009199241586,-0.08507843975842996,0.03137744009727897,-0.03812388275529795,0.12113154392509193,0.0007242821440138831,0.02589584228438629
46,0.0842249021992839,-0.07291159719164411,0.15301875426413625,-0.10262033239025507,-0.05017493797207736,-0.11680700586606338,0.12540143182280525,0.007738660555589378,-0.09335074250292426,0.03366097328452865,-0.11105299897569304,0.044836741097312165,0.001,0.08938140289619859,0.24805097902415593,0.001,-0.009965538179716796,0.001,0.1273813106616672,-0.0561524567939077,0.1395849489001726,0.09692949799521434,-0.03354446324791842,0.037200157739558065,0.00834166904873318,-0.011216389101966304,0.025001492811744044,0.09086257505719923,-0.07821779758102906,-0.09308038416671313,0.08636718628216657,0.13429495262225996,0.1664685619748007,0.029507125646228094,0.07403448551603926,-0.12825229020029696,0.01813611550867494,0.001,-0.11061209338572374,0.04683497776188753,0.02286372431615543,0.10322706095417696,0.1358310575895811,0.0022449885304947547,-0.16534005876703714,0.14769359493274845,0.27422080719260505,0.005215922231575744,-0.0418210757051962,0.10885644692601934,-0.04886238166170945,0.038288821934169354,0.05134813833961204,0.008636378253434704
47,0.02615492380123646,-0.030680535691895817,-0.00760143185767627,0.07548751479223514,0.051330711081753536,-0.013684138893605823,0.057032219125567475,0.007404046379202301,-0.06161630087152646,0.04843991625664576,-0.10332723133903514,0.018438683681724202,0.001,0.016696639911303605,0.011317870404616945,0.001,-0.12136611272583975,0.001,-0.06473004600564498,-0.013637785864716784,-0.0944325902295554,-0.041030093034355127,0.07617131208542652,0.08123840884590638,0.03697590874476672,-0.05623900356921289,-0.01564292600996699,0.10568533824108325,-0.037210208875076346,-0.07437212436928861,-0.026389296355326223,-0.028404995736675865,0.09241562588491335,0.062178383024851014,-0.013193752428392531,-0.12249278565321466,0.06498782678171083,0.001,-0.08446055672093244,0.05611382612947222,0.03873424222579364,0.05121431476289796,0.13122417862094934,-0.05576621155912878,-0.05452095186471329,0.0008974029993174538,0.15246637550846664,0.21753125356234831,-0.031913746126947494,-0.028204751489959067,0.04609644810911038,0.004925073648966515,-0.07692220231734669,0.10395531600273639
48,0.023648486109442104,0.06108143612622254,0.035773970376881306,0.08791372899076269,-0.002583290700766067,-0.022347477341440207,-0.026276190196568697,0.036145702801277185,0.029754474321220217,-0.005442298265718363,0.05263185859879453,0.014357411945839444,0.001,0.08359190825416558,0.04602747944339751,0.001,0.1149098456653157,0.001,0.010123660740486482,0.025246965290243385,0.0176510347335634,0.04728529344501384,0.007437255066384411,0.10169941225722984,0.03964342427621093,-0.06191550108437642,-0.010115240326140104,0.06410634965656196,-0.0609614868194765,0.019223043121227506,0.0032719430692519833,0.11391076690082787,0.054898265381527256,0.08265593489791771,-0.05174809582911505,0.005635399922837375,-0.015818845844153544,0.001,0.07525482887807793,0.07923852291983341,-0.09974942387610258,0.017769170274845727,0.14863590963330994,-0.02909564862596435,0.1002828789909359,0.03290145722216304,0.1431060920095654,0.08979727426819631,0.20907949435850906,-0.021340679837550523,-0.004683823408574113,0.028186288621138575,-0.020303028666407773,-0.006266941054811627
49,-0.07568299355092688,0.04639922468731251,0.05235365549519059,0.03850857593534091,-0.045062039824829966,0.02382711216267458,0.02301521297578387,-0.060161838054477786,-0.12551715047422934,0.1531007859281919,-0.08257221343696748,-0.03457814478809173,0.001,0.1291093018954338,0.14127062236848667,0.001,-0.12833698376418318,0.001,-0.10177779511176437,0.12233444250052117,-0.028093377334714297,0.021727043579138648,0.03858852145228834,0.055251200879277616,0.004879156594955086,0.027468289890858467,-0.012984452596293444,-0.033101221799885415,-0.04757259101300444,0.0057778007785709695,-0.10682349261939222,-0.12769093583539537,0.04066148858930603,0.02511327376620583,-0.06750253719944284,-0.11214541675173063,-0.00897255637979157,0.001,-0.14297578852216378,-0.033242014807315055,-0.060239623444156204,-0.12598054530983607,0.046054494334894114,0.06756930942147256,-0.08321969013677462,0.09835258755025769,0.012967803412404541,0.17021287361817955,-0.014559038486430243,-0.023705530941419292,-0.02358864458450213,-0.15900174834032316,-0.09246654457793271,-0.09112367261315336
50,0.1472117200502707,-0.030314460855802444,-0.09033081582389763,0.06534876655963327,0.09251428963860413,0.08463841248542753,0.052982664800965196,0.1413478689754875,-0.008919057345413022,-0.07214497501847367,-0.02798694950901055,-0.04316468011083487,0.001,0.09667864338896699,0.11416617995263244,0.001,-0.04304048097221014,0.001,0.04075147936052819,0.03080605322368036,0.055478603293911924,0.09974098470230836,-0.04025588062711901,0.12139738561325439,0.1006213970164126,-0.047915847603527455,0.016287675627410396,-0.0018831814806495478,0.09727708368860577,0.28528402802383596,0.0970585686923568,-0.01967850337983484,0.022689145998878956,0.02372285291552672,0.16275364391241193,-0.04912336048644528,-0.025476882441310744,0.001,-0.057044270458663685,-0.01126701769597464,0.03569167485452985,-0.070079879730814,0.010166203791171774,-0.003756006561445693,0.21707355492862357,0.04725762146332606,-0.038474426543979215,-0.01758773415249862,0.059496816128924185,0.09967242095193865,0.16853350345146445,0.036935205682757974,0.19978030207667147,-0.03620818682672153
51,-0.001989900597045832,-0.04665818870200113,-0.05266514176901398,-0.03239521918758721,0.06855763824784172,0.027541331872534276,0.02518762110310995,0.0163004205008852,0.04720379448114943,-0.010452828321924401,0.017254927872192044,-0.09067226600301846,0.001,0.0038746179648733335,0.0560501906142681,0.001,0.14445171463253229,0.001,0.07167837026643646,0.0946147718457371,0.06981660514254862,-0.09254452858133946,-0.006399123055332571,0.04976708453044373,0.03332709485211,0.0796890132797508,-0.06159479318831725,-0.04527393791306262,0.033845668579919184,-0.03342790061453288,-0.058689836591124686,0.05535361436599951,-0.010438736194909527,0.049435638106113976,-0.05262401866817213,-5.118739556319547e-06,-0.029257277084504835,0.001,0.10270127182726013,0.015699484885666443,0.004602002649214191,-0.00906756898519706,-0.0019685551838730026,0.00040083374814805947,-0.02481474003170867,-0.017461018359301812,0.014387040845939787,0.07606635956962929,-0.07715087056769299,-0.08764647087673004,-0.04983165995834991,0.12090082633887095,0.08786478623959659,-0.022164174783064948
52,0.14015505241173412,0.03599269802241773,-0.2372814581223967,0.02214370004598291,0.040734759819598364,0.10223876824392712,0.06024259969591466,0.1750598916777053,0.25601629382461377,-0.11772230645130496,0.039227936574317494,-0.0614530593758694,0.001,0.02101593207180548,-0.009541350738350126,0.001,0.26846523486290486,0.001,0.05528878326404603,0.14413952536324326,0.1748442371485694,-0.07187579592043103,-0.11006908066280258,0.06525181865430693,0.21118095062583347,-0.038706808170559465,0.056726147419930116,0.14632865626119804,0.30565637383616345,0.17505727449072744,0.13362740131850792,0.3066282677116761,0.035113041791148616,0.174862998839223,0.0730341210554649,0.16457931092125594,-0.10522943387495763,0.001,0.3366615641240622,-0.004347916773076446,0.005673475506087807,0.19598477016540508,-0.05868490284968519,0.2185683671354419,0.17782681252675758,0.09810677739179959,0.030565256603730762,-0.16754201331606128,0.048724780075787635,0.015625739384584426,0.03351152052292118,0.08372373864154305,0.6056827355801047,0.046891439577736296
53,0.11138674259021698,0.025315499435984528,0.09345249912736729,0.16648304071271472,0.06660426575448929,0.05505947738158772,0.09528384278546112,0.2568541117531514,0.19742925911228473,0.02456049869297302,0.12293639230217293,0.020037438498248974,0.001,-0.14339294735095653,0.09957586836682632,0.001,0.044453145947442325,0.001,0.1407655746589759,-0.14487202083131503,0.2147541211602092,0.12993736394830122,-0.08380066801528978,0.060744224345129355,0.06243949475110512,-0.18594882649309494,0.060751703293330586,0.11933834118904252,0.22891723632442995,0.15517392856820592,0.26612313540430577,0.15178687190807413,0.1430118919234336,0.055883538527470474,0.19468922024839144,0.11971265306557688,0.007276339967847947,0.001,0.06359368060032905,-0.031330517649868134,-0.02540716615342164,0.21192684203534234,0.13621974947955337,-0.03878414181787772,0.10090896830117586,0.10388129463245283,0.0508313402737289,-0.1943423957325237,0.23931685570184208,0.007872257271910717,0.0011563182188917144,0.059682479317581645,0.1636184672853923,0.05687500143011962
