,windows,doctets/duration
0,1360587600,12689.66528941651
1,1360587900,1968.4724372555413
2,1360588200,1294.8800792883237
3,1360588500,3926.682692307693
4,1360588800,3026.1656746031745
5,1360589100,1508.5538775917066
6,1360589400,2074.136800699301
7,1360589700,1424.7063386524824
8,1360590000,2209.380114566285
9,1360590300,1424.7351317663815
10,1360590600,2078.512286324786
11,1360590900,27557.80530027304
12,1360591200,4408.653846153847
13,1360591500,0.001
14,1360591800,0.001
15,1360592100,4890.625
16,1360592400,2059.4150641025644
17,1360592700,12390.242165111158
18,1360593000,9210.764951508661
19,1360593300,25361.22772281068
20,1360593600,13285.988965285704
21,1360593900,9971.484375
22,1360594200,0.001
23,1360594500,221.5909090909091
24,1360594800,0.001
25,1360595100,0.001
26,1360595400,0.001
27,1360595700,0.001
28,1360596000,0.001
29,1360596300,0.001
30,1360596600,0.001
31,1360596900,46640.63304804219
32,1360597200,27430.805859487835
33,1360597500,6825.016660456248
34,1360597800,9764.204545454546
35,1360598100,84.62410741292886
36,1360598400,46937.48177459115
37,1360598700,11668.57074853307
38,1360599000,15618.16135784976
39,1360599300,30096.381842327395
40,1360599600,17866.373534655242
41,1360599900,16066.172336841197
42,1360600200,223.0413732394366
43,1360600500,7630.313478436094
44,1360600800,8550.177281298918
45,1360601100,2877.604166666666
46,1360601400,4660.523707675229
47,1360601700,8179.715070540908
48,1360602000,5016.380434367314
49,1360602300,16113.380679887028
50,1360602600,9596.889349536124
51,1360602900,5087.575954861111
52,1360603200,4268.415178571428
53,1360603500,3262.534340659341
54,1360603800,2520.437858166189
55,1360604100,2768.5530995934955
56,1360604400,10.14957264957265
57,1360604700,1118.4795909862396
58,1360605000,4640.625
59,1360605300,3727.942749903185
60,1360605600,9.109778597785978
61,1360605900,0.001
62,1360606200,0.001
63,1360606500,0.001
64,1360606800,0.001
65,1360607100,0.001
66,1360607400,0.001
67,1360607700,0.001
68,1360608000,0.001
69,1360608300,0.001
70,1360608600,0.001
71,1360608900,0.001
72,1360609200,0.001
73,1360609500,0.001
74,1360609800,0.001
75,1360610100,0.001
76,1360610400,0.001
77,1360610700,0.001
78,1360611000,0.001
79,1360611300,0.001
80,1360611600,0.001
81,1360611900,0.001
82,1360612200,0.001
83,1360612500,0.001
84,1360612800,0.001
85,1360613100,0.001
86,1360613400,0.001
87,1360613700,0.001
88,1360614000,0.001
89,1360614300,0.001
90,1360614600,0.001
91,1360614900,0.001
92,1360615200,0.001
93,1360615500,0.001
94,1360615800,0.001
95,1360616100,0.001
96,1360616400,0.001
97,1360616700,0.001
98,1360617000,0.001
99,1360617300,0.001
100,1360617600,0.001
101,1360617900,0.001
102,1360618200,0.001
103,1360618500,0.001
104,1360618800,0.001
105,1360619100,173.77813212595484
106,1360619400,118.20550756281888
107,1360619700,37.33979515229515
108,1360674000,1226.7722088153319
109,1360674300,1636.9603185427652
110,1360674600,1828.1558700607902
111,1360674900,4890.625
112,1360675200,4890.625
113,1360675500,0.001
114,1360675800,14143.683367037822
115,1360676100,14654.091030690195
116,1360676400,18770.66996123414
117,1360676700,0.001
118,1360677000,2445.3125
119,1360677300,203.125
120,1360677600,0.001
121,1360677900,0.001
122,1360678200,0.001
123,1360678500,0.001
124,1360678800,0.001
125,1360679100,0.001
126,1360679400,0.001
127,1360679700,0.001
128,1360680000,137.109375
129,1360680300,0.001
130,1360680600,0.001
131,1360680900,4890.625
132,1360681200,26008.148462351786
133,1360681500,0.001
134,1360681800,0.001
135,1360682100,4890.625
136,1360682400,0.001
137,1360682700,0.001
138,1360683000,0.001
139,1360683300,0.001
140,1360683600,4268.415178571428
141,1360683900,0.001
142,1360684200,0.001
143,1360684500,0.001
144,1360684800,0.001
145,1360685100,0.001
146,1360685400,0.001
147,1360685700,0.001
148,1360686000,0.001
149,1360686300,0.001
150,1360686600,0.001
151,1360686900,0.001
152,1360687200,0.001
153,1360687500,0.001
154,1360687800,4890.625
155,1360688100,135.41666666666666
156,1360688400,3899.826994903519
157,1360688700,223.17613181388214
158,1360689000,3646.205357142857
159,1360689300,2272.3214285714284
160,1360689600,4572.265625
161,1360689900,4765.625
162,1360690200,0.001
163,1360690500,4765.625
164,1360690800,3926.682692307693
165,1360691100,3190.4296875
166,1360691400,4268.415178571428
167,1360691700,0.001
168,1360692000,3926.682692307693
169,1360692300,464.6403495846648
170,1360692600,2387.865691489362
171,1360692900,4765.625
172,1360693200,3926.682692307693
173,1360693500,4765.625
174,1360693800,4640.625
175,1360694100,5148.870053153175
176,1360694400,1657.591343287422
177,1360694700,4268.415178571428
178,1360695000,4408.653846153847
179,1360695300,31565.52830182069
180,1360695600,223643.82419996793
181,1360695900,201586.35066286928
182,1360696200,98569.99733459116
183,1360696500,81704.35193782747
184,1360696800,267263.0921187834
185,1360697100,20163.778569195267
186,1360697400,4146.875
187,1360697700,55724.19709342306
188,1360698000,136080.54975306103
189,1360698300,512836.9966579453
190,1360698600,687248.125
191,1360698900,0.001
192,1360699200,342932.1980395005
193,1360699500,4890.625
194,1360699800,1713.4385391499752
195,1360700100,434.26610235952
196,1360700400,3403.125
197,1360700700,3926.682692307693
198,1360701000,3926.682692307693
199,1360701300,4408.653846153847
200,1360701600,1657.4754901960785
201,1360701900,7092.787487772951
202,1360702200,16395.915418112894
203,1360702500,26248.725713171683
204,1360702800,1966.7607990413844
205,1360703100,38488.53811935368
206,1360703400,65575.32055480784
207,1360703700,101520.70665700083
208,1360704000,2291.186003989362
209,1360704300,2387.887286324786
210,1360704600,311961.53309903416
211,1360704900,288540.15702294494
212,1360705200,218046.4556183456
213,1360705500,94814.48241725015
214,1360705800,86280.57193396226
215,1360706100,2049.609375
216,1360760400,3129.4270833333335
217,1360760700,1368.8568376068374
218,1360761000,1315.6606125356127
219,1360761300,1553.6413817663815
220,1360761600,0.001
221,1360761900,4890.625
222,1360762200,3926.682692307693
223,1360762500,4890.625
224,1360762800,2397.7864583333335
225,1360763100,3074.519230769231
226,1360763400,3129.4270833333335
227,1360763700,25922.36778846154
228,1360764000,3926.682692307693
229,1360764300,4253.90625
230,1360764600,545.594026403425
231,1360764900,936.2101063829787
232,1360765200,4253.90625
233,1360765500,4253.90625
234,1360765800,6951.361620166197
235,1360766100,21855.553437953677
236,1360766400,32014.621055163854
237,1360766700,19903.858250937457
238,1360767000,4890.625
239,1360767300,135.41666666666666
240,1360767600,0.001
241,1360767900,0.001
242,1360768200,0.001
243,1360768500,0.001
244,1360768800,0.001
245,1360769100,0.001
246,1360769400,0.001
247,1360769700,0.001
248,1360770000,0.001
249,1360770300,121.74405991735537
250,1360770600,0.001
251,1360770900,0.001
252,1360771200,0.001
253,1360771500,0.001
254,1360771800,0.001
255,1360772100,0.001
256,1360772400,0.001
257,1360772700,0.001
258,1360773000,0.001
259,1360773300,0.001
260,1360773600,0.001
261,1360773900,0.001
262,1360774200,0.001
263,1360774500,0.001
264,1360774800,17.31495724911656
265,1360775100,0.001
266,1360775400,49.66162383715574
267,1360775700,0.001
268,1360776000,57570.26020326081
269,1360776300,19.60802938196555
270,1360776600,6086.531328914141
271,1360776900,4595.786689830111
272,1360777200,4900.789141414141
273,1360777500,2960.424611266237
274,1360777800,0.001
275,1360778100,2479.2220744680853
276,1360778400,124185.01984126984
277,1360778700,665.6478695960367
278,1360779000,125.0
279,1360779300,9643.196687097517
280,1360779600,10750.499429223744
281,1360779900,1691.1592539663939
282,1360780200,4253.90625
283,1360780500,2894.438244047619
284,1360780800,2442.1875
285,1360781100,1769.2708333333335
286,1360781400,141.30434782608694
287,1360781700,0.001
288,1360782000,0.001
289,1360782300,0.001
290,1360782600,0.001
291,1360782900,0.001
292,1360783200,0.001
293,1360783500,0.001
294,1360783800,15.845070422535212
295,1360784100,8760.436728343431
296,1360784400,2399.264365935143
297,1360784700,2556.297747286324
298,1360785000,911.6833048234944
299,1360785300,0.001
300,1360785600,0.001
301,1360785900,1933.8785169372902
302,1360786200,0.001
303,1360786500,5997.173437658197
304,1360786800,3926.682692307693
305,1360787100,65.57377049180329
306,1360787400,4765.625
307,1360787700,19610.91336448499
308,1360788000,5630.235839936233
309,1360788300,12835.405078408487
310,1360788600,6465.104166666666
311,1360788900,3446.372684422063
312,1360789200,4687.868346167285
313,1360789500,10061.928834240203
314,1360789800,6154.331625183831
315,1360790100,1336.3610835250631
316,1360790400,88429.80944664826
317,1360790700,2382.998511904762
318,1360791000,4253.90625
319,1360791300,1015.7899643597277
320,1360791600,11646.137675702808
321,1360791900,3646.205357142857
322,1360792200,4765.625
323,1360792500,4640.625
324,1360846800,0.001
325,1360847100,0.001
326,1360847400,0.001
327,1360847700,4253.90625
328,1360848000,0.001
329,1360848300,4890.625
330,1360848600,1315.6462159786631
331,1360848900,1876.4383865248226
332,1360849200,1636.9603185427652
333,1360849500,4890.625
334,1360849800,4890.625
335,1360850100,3381.3100961538466
336,1360850400,3646.205357142857
337,1360850700,4253.90625
338,1360851000,4572.265625
339,1360851300,2691.631610576923
340,1360851600,3926.682692307693
341,1360851900,3674.6697769589928
342,1360852200,27257.90333948004
343,1360852500,95546.9527316824
344,1360852800,50983.96166121705
345,1360853100,2476.5408707087486
346,1360853400,94.27282660978314
347,1360853700,0.001
348,1360854000,0.001
349,1360854300,0.001
350,1360854600,0.001
351,1360854900,0.001
352,1360855200,0.001
353,1360855500,0.001
354,1360855800,0.001
355,1360856100,0.001
356,1360856400,0.001
357,1360856700,0.001
358,1360857000,0.001
359,1360857300,0.001
360,1360857600,0.001
361,1360857900,543.7973484848485
362,1360858200,1301.7939814814815
363,1360858500,4250.33233527912
364,1360858800,1665.75743200506
365,1360859100,79.16666666666666
366,1360859400,21026.09985671658
367,1360859700,1951.7092496225562
368,1360860000,17280.465249973353
369,1360860300,79.01785714285714
370,1360860600,0.001
371,1360860900,17.67617736717681
372,1360861200,10.601898101898101
373,1360861500,14520.386233306857
374,1360861800,13246.75952684255
375,1360862100,5394.095453335393
376,1360862400,10848.153635432658
377,1360862700,1014.6334007034742
378,1360863000,2255.7003073307424
379,1360863300,625.9642653273144
380,1360863600,1994.5913461538464
381,1360863900,1456.0487255799756
382,1360864200,1733.2406542746367
383,1360864500,0.001
384,1360864800,1577.5792886492038
385,1360865100,10934.17686902051
386,1360865400,6950.355236297417
387,1360865700,606.8977017810207
388,1360866000,1353.3653846153848
389,1360866300,1991.615155677656
390,1360866600,2472.751524390244
391,1360866900,45052.39012802592
392,1360867200,18765.66001260878
393,1360867500,3199.0740740740744
394,1360867800,34848.61378205128
395,1360868100,1375.715218423552
396,1360868400,15810.999606392366
397,1360868700,2173.671875
398,1360869000,8484.969223991684
399,1360869300,3092.5630440751543
400,1360869600,1696.3088768115945
401,1360869900,1930.6867972883597
402,1360870200,2486.260775862069
403,1360870500,571.2549603174602
404,1360870800,995.6123757486938
405,1360871100,1134.0226715686274
406,1360871400,4253.90625
407,1360871700,43896.48664548736
408,1360872000,13329.698284649749
409,1360872300,13005.705759384822
410,1360872600,2030.8282049080522
411,1360872900,1680.1882989148692
412,1360873200,6623.716699998027
413,1360873500,2864.504786176188
414,1360873800,0.001
415,1360874100,0.001
416,1360874400,16.07142857142857
417,1360874700,0.001
418,1360875000,0.001
419,1360875300,0.001
420,1360875600,0.001
421,1360875900,0.001
422,1360876200,3697.4431818181815
423,1360876500,1209.2620695033172
424,1360876800,11.355377906976745
425,1360877100,31.25
426,1360877400,0.001
427,1360877700,0.001
428,1360878000,0.001
429,1360878300,9979.28334107865
430,1360878600,4890.625
431,1360878900,4890.625
432,1360933200,0.001
433,1360933500,4572.265625
434,1360933800,4890.625
435,1360934100,0.001
436,1360934400,4408.653846153847
437,1360934700,4890.625
438,1360935000,0.001
439,1360935300,4890.625
440,1360935600,4890.625
441,1360935900,0.001
442,1360936200,0.001
443,1360936500,4268.415178571428
444,1360936800,4640.625
445,1360937100,2447.06527701915
446,1360937400,4268.415178571428
447,1360937700,2501.953125
448,1360938000,2044.43359375
449,1360938300,3926.682692307693
450,1360938600,23170.16004338901
451,1360938900,17330.802413327943
452,1360939200,13599.35397364534
453,1360939500,22.99081544888598
454,1360939800,0.001
455,1360940100,135.41666666666666
456,1360940400,0.001
457,1360940700,11.695359281437126
458,1360941000,0.001
459,1360941300,0.001
460,1360941600,0.001
461,1360941900,0.001
462,1360942200,0.001
463,1360942500,0.001
464,1360942800,21.12676056338028
465,1360943100,0.001
466,1360943400,11.455278592375365
467,1360943700,0.001
468,1360944000,0.001
469,1360944300,0.001
470,1360944600,0.001
471,1360944900,0.001
472,1360945200,0.001
473,1360945500,40.76086956521739
474,1360945800,0.001
475,1360946100,0.001
476,1360946400,0.001
477,1360946700,0.001
478,1360947000,0.001
479,1360947300,0.001
480,1360947600,0.001
481,1360947900,0.001
482,1360948200,0.001
483,1360948500,392.7951388888889
484,1360948800,0.001
485,1360949100,16.964285714285708
486,1360949400,16.07142857142857
487,1360949700,0.001
488,1360950000,0.001
489,1360950300,0.001
490,1360950600,12730.978263133278
491,1360950900,10754.65482269372
492,1360951200,12290.422440442046
493,1360951500,4270.332020178209
494,1360951800,3100.773034925866
495,1360952100,11901.110748504252
496,1360952400,17539.183883577967
497,1360952700,3366.044503387306
498,1360953000,10219.382308919514
499,1360953300,12531.679355374336
500,1360953600,4046.0245281480065
501,1360953900,7499.228270508344
502,1360954200,37139.016160760715
503,1360954500,3002.7573529411766
504,1360954800,2306.6347773203593
505,1360955100,0.001
506,1360955400,0.001
507,1360955700,2093.936011904762
508,1360956000,179.6875
509,1360956300,2716.1458333333335
510,1360956600,179.6875
511,1360956900,4890.625
512,1360957200,4890.625
513,1360957500,0.001
514,1360957800,4890.625
515,1360958100,0.001
516,1360958400,3926.682692307693
517,1360958700,3199.810606060606
518,1360959000,8732.156527371038
519,1360959300,4890.625
520,1360959600,0.001
521,1360959900,0.001
522,1360960200,0.001
523,1360960500,4890.625
524,1360960800,4890.625
525,1360961100,13252.340941637636
526,1360961400,59397.62499172907
527,1360961700,281226.32788360683
528,1360962000,446127.4692091022
529,1360962300,369500.6798093791
530,1360962600,224969.84385384718
531,1360962900,403325.65081904683
532,1360963200,4890.625
533,1360963500,0.001
534,1360963800,14406.59453655427
535,1360964100,1841.1740220023034
536,1360964400,0.001
537,1360964700,4890.625
538,1360965000,50643.30786401099
539,1360965300,2147.5883152173915
540,1361192400,0.001
541,1361192700,0.001
542,1361193000,0.001
543,1361193300,0.001
544,1361193600,0.001
545,1361193900,0.001
546,1361194200,0.001
547,1361194500,0.001
548,1361194800,0.001
549,1361195100,0.001
550,1361195400,0.001
551,1361195700,0.001
552,1361196000,0.001
553,1361196300,0.001
554,1361196600,0.001
555,1361196900,0.001
556,1361197200,0.001
557,1361197500,0.001
558,1361197800,0.001
559,1361198100,0.001
560,1361198400,0.001
561,1361198700,0.001
562,1361199000,0.001
563,1361199300,0.001
564,1361199600,0.001
565,1361199900,0.001
566,1361200200,0.001
567,1361200500,0.001
568,1361200800,0.001
569,1361201100,0.001
570,1361201400,0.001
571,1361201700,0.001
572,1361202000,0.001
573,1361202300,0.001
574,1361202600,0.001
575,1361202900,0.001
576,1361203200,56.066176470588246
577,1361203500,0.001
578,1361203800,0.001
579,1361204100,0.001
580,1361204400,0.001
581,1361204700,0.001
582,1361205000,0.001
583,1361205300,0.001
584,1361205600,0.001
585,1361205900,0.001
586,1361206200,0.001
587,1361206500,0.001
588,1361206800,0.001
589,1361207100,0.001
590,1361207400,0.001
591,1361207700,0.001
592,1361208000,0.001
593,1361208300,136.31465517241378
594,1361208600,0.001
595,1361208900,0.001
596,1361209200,0.001
597,1361209500,0.001
598,1361209800,0.001
599,1361210100,0.001
600,1361210400,0.001
601,1361210700,0.001
602,1361211000,0.001
603,1361211300,0.001
604,1361211600,0.001
605,1361211900,0.001
606,1361212200,0.001
607,1361212500,0.001
608,1361212800,0.001
609,1361213100,0.001
610,1361213400,0.001
611,1361213700,0.001
612,1361214000,0.001
613,1361214300,0.001
614,1361214600,0.001
615,1361214900,0.001
616,1361215200,0.001
617,1361215500,0.001
618,1361215800,0.001
619,1361216100,0.001
620,1361216400,0.001
621,1361216700,0.001
622,1361217000,0.001
623,1361217300,11.160714285714288
624,1361217600,0.001
625,1361217900,0.001
626,1361218200,0.001
627,1361218500,0.001
628,1361218800,0.001
629,1361219100,0.001
630,1361219400,0.001
631,1361219700,0.001
632,1361220000,1906.25
633,1361220300,717.4475728796888
634,1361220600,38.337019967332516
635,1361220900,0.001
636,1361221200,65.47802351623739
637,1361221500,69.81382978723404
638,1361221800,137.78987028742068
639,1361222100,66.68976814516128
640,1361222400,66.3045495382029
641,1361222700,69.81382978723404
642,1361223000,69.44376399776036
643,1361223300,69.81382978723404
644,1361223600,527.8074258118701
645,1361223900,9386.39853203176
646,1361224200,12702.006976683713
647,1361224500,13589.347445781645
648,1361278800,123.046875
649,1361279100,4765.625
650,1361279400,4890.625
651,1361279700,4253.90625
652,1361280000,3633.8465073529414
653,1361280300,4890.625
654,1361280600,7158.818264263211
655,1361280900,11184.716951282451
656,1361281200,14278.90436716165
657,1361281500,5196.875
658,1361281800,146.0018076116387
659,1361282100,187.5
660,1361282400,53.964812599681025
661,1361282700,0.001
662,1361283000,0.001
663,1361283300,0.001
664,1361283600,0.001
665,1361283900,0.001
666,1361284200,31.914893617021274
667,1361284500,0.001
668,1361284800,0.001
669,1361285100,2645.3993055555557
670,1361285400,4890.625
671,1361285700,3664.9038461538466
672,1361286000,0.001
673,1361286300,4242.1875
674,1361286600,0.001
675,1361286900,0.001
676,1361287200,4890.625
677,1361287500,0.001
678,1361287800,0.001
679,1361288100,0.001
680,1361288400,34749.499198717946
681,1361288700,0.001
682,1361289000,141.30434782608694
683,1361289300,15.957446808510635
684,1361289600,0.001
685,1361289900,1301.1920145072318
686,1361290200,595.4622046993395
687,1361290500,568.4888044345024
688,1361290800,22.205027584395115
689,1361291100,0.001
690,1361291400,14.209726443768995
691,1361291700,0.001
692,1361292000,121.74405991735537
693,1361292300,0.001
694,1361292600,0.001
695,1361292900,0.001
696,1361293200,8293.60455081052
697,1361293500,23812.664332642937
698,1361293800,15464.336455278506
699,1361294100,7752.523833163047
700,1361294400,16996.69223650579
701,1361294700,9588.279239466561
702,1361295000,5931.567310753931
703,1361295300,6888.217573974375
704,1361295600,37864.98115945351
705,1361295900,38603.109033282824
706,1361296200,12786.577344306446
707,1361296500,4189.509201777734
708,1361296800,10571.408922646384
709,1361297100,10109.823336385834
710,1361297400,20464.692313351286
711,1361297700,13542.111895161292
712,1361298000,10645.518839780634
713,1361298300,16290.563087265013
714,1361298600,15120.748232840218
715,1361298900,1501.953125
716,1361299200,4319.627019460369
717,1361299500,55163.926707632985
718,1361299800,30553.483780496204
719,1361300100,1838.1591191067
720,1361300400,4572.265625
721,1361300700,4268.415178571428
722,1361301000,4890.625
723,1361301300,0.001
724,1361301600,0.001
725,1361301900,2859.1970755693583
726,1361302200,1554.6174955197132
727,1361302500,1596.1309523809523
728,1361302800,9089.409722222223
729,1361303100,4572.265625
730,1361303400,4765.625
731,1361303700,1857.5109232522796
732,1361304000,3926.682692307693
733,1361304300,4009.2282341940704
734,1361304600,3646.205357142857
735,1361304900,4146.875
736,1361305200,2033.4018300248142
737,1361305500,67.3828125
738,1361305800,2007.9842032967035
739,1361306100,3190.4296875
740,1361306400,2697.4810571550047
741,1361306700,4253.90625
742,1361307000,4890.625
743,1361307300,10765.534469623512
744,1361307600,10924.063569108184
745,1361307900,13189.666839003177
746,1361308200,9623.663741047656
747,1361308500,9540.938043538255
748,1361308800,5052.0657680163995
749,1361309100,14682.399111865581
750,1361309400,85685.51772303601
751,1361309700,47544.354231647056
752,1361310000,220360.56493635272
753,1361310300,166051.5940656851
754,1361310600,136344.85200262297
755,1361310900,23469.701255722794
756,1361365200,64376.26045922167
757,1361365500,3070.8744517543855
758,1361365800,4146.875
759,1361366100,3926.682692307693
760,1361366400,694.4511174711919
761,1361366700,989.2828525641028
762,1361367000,2387.865691489362
763,1361367300,3050.3954475308637
764,1361367600,1735.8552631578948
765,1361367900,0.001
766,1361368200,2177.645089285714
767,1361368500,1966.023249138921
768,1361368800,2781.696428571429
769,1361369100,3646.205357142857
770,1361369400,3646.205357142857
771,1361369700,2027.3061899038464
772,1361370000,1965.532657129456
773,1361370300,616.1228786727457
774,1361370600,17576.966132313028
775,1361370900,21828.538047026574
776,1361371200,14818.882921006947
777,1361371500,7402.34375
778,1361371800,1673.6941256065695
779,1361372100,143.54821884267878
780,1361372400,0.001
781,1361372700,0.001
782,1361373000,0.001
783,1361373300,0.001
784,1361373600,0.001
785,1361373900,0.001
786,1361374200,0.001
787,1361374500,0.001
788,1361374800,0.001
789,1361375100,0.001
790,1361375400,0.001
791,1361375700,0.001
792,1361376000,0.001
793,1361376300,0.001
794,1361376600,0.001
795,1361376900,0.001
796,1361377200,0.001
797,1361377500,0.001
798,1361377800,0.001
799,1361378100,0.001
800,1361378400,0.001
801,1361378700,496.2467977697408
802,1361379000,10691.22729090912
803,1361379300,114.77353317472317
804,1361379600,15.478971962616825
805,1361379900,15.469357694317063
806,1361380200,15.459743426017301
807,1361380500,15.459743426017301
808,1361380800,18.309890240126936
809,1361381100,16.574079988124108
810,1361381400,15.422987949323316
811,1361381700,15.395070356517891
812,1361382000,15.392681672211216
813,1361382300,46782.80674776236
814,1361382600,1741.813503282867
815,1361382900,16065.307610695914
816,1361383200,10229.811007029208
817,1361383500,11172.252973540362
818,1361383800,9016.815801879155
819,1361384100,6575.871253026979
820,1361384400,5656.204207840084
821,1361384700,19553.10737456341
822,1361385000,16867.09749407904
823,1361385300,18191.34801643305
824,1361385600,22676.68937151648
825,1361385900,8232.115474950891
826,1361386200,6849.318694835059
827,1361386500,4858.733986854561
828,1361386800,2209.380114566285
829,1361387100,0.001
830,1361387400,0.001
831,1361387700,0.001
832,1361388000,32.608695652173914
833,1361388300,5556.902315932494
834,1361388600,3398.4375
835,1361388900,4408.653846153847
836,1361389200,0.001
837,1361389500,4511.151175213676
838,1361389800,11273.315308571764
839,1361390100,14328.731630274808
840,1361390400,3985.29950587474
841,1361390700,1306.6757127192982
842,1361391000,3659.598214285714
843,1361391300,4268.415178571428
844,1361391600,1548.1202637452639
845,1361391900,2230.105888720198
846,1361392200,3066.3318452380954
847,1361392500,11549.060180836843
848,1361392800,4268.415178571428
849,1361393100,12274.204526862392
850,1361393400,12938.276083607883
851,1361393700,7808.927467637809
852,1361394000,4802.733944501866
853,1361394300,3062.946638266462
854,1361394600,17116.583285487977
855,1361394900,12044.02539445426
856,1361395200,11626.530708569211
857,1361395500,5376.395089285714
858,1361395800,2272.3214285714284
859,1361396100,67.87109375
860,1361396400,3926.682692307693
861,1361396700,4253.90625
862,1361397000,30283.47055222904
863,1361397300,3188.858695652174
864,1361451600,1266.846569506144
865,1361451900,1553.6413817663815
866,1361452200,4890.625
867,1361452500,0.001
868,1361452800,4965.625
869,1361453100,4890.625
870,1361453400,4572.265625
871,1361453700,848.5839266073277
872,1361454000,1639.1794217687075
873,1361454300,2469.7516025641025
874,1361454600,4253.90625
875,1361454900,67560.41666666667
876,1361455200,1553.6413817663815
877,1361455500,0.001
878,1361455800,1708.3000886524824
879,1361456100,1553.6125886524824
880,1361456400,0.001
881,1361456700,0.001
882,1361457000,7499.656389724064
883,1361457300,19416.06832311762
884,1361457600,11023.463574864647
885,1361457900,4430.162388039962
886,1361458200,0.001
887,1361458500,18340.50482804857
888,1361458800,600.8094875836119
889,1361459100,648.4953967766468
890,1361459400,2291.207598824786
891,1361459700,1222.1681674806675
892,1361460000,858.8836322513183
893,1361460300,0.001
894,1361460600,0.001
895,1361460900,4890.625
896,1361461200,0.001
897,1361461500,0.001
898,1361461800,3646.205357142857
899,1361462100,0.001
900,1361462400,0.001
901,1361462700,9.535498489425985
902,1361463000,20.83333333333333
903,1361463300,0.001
904,1361463600,0.001
905,1361463900,0.001
906,1361464200,0.001
907,1361464500,0.001
908,1361464800,0.001
909,1361465100,0.001
910,1361465400,153.76266378861507
911,1361465700,0.001
912,1361466000,0.001
913,1361466300,2467.0714245549775
914,1361466600,13234.179817166172
915,1361466900,6753.586469629945
916,1361467200,12864.37166371365
917,1361467500,15992.937085583015
918,1361467800,22360.99413611603
919,1361468100,11187.461870818597
920,1361468400,15864.049933527145
921,1361468700,15950.764371456666
922,1361469000,23842.360734091086
923,1361469300,6637.35224355796
924,1361469600,8389.80737160686
925,1361469900,15879.755997746432
926,1361470200,6494.329798766178
927,1361470500,12279.57504215011
928,1361470800,6756.364067289381
929,1361471100,6986.831104675832
930,1361471400,12180.079688356389
931,1361471700,2984.8085956337527
932,1361472000,13659.458086529301
933,1361472300,6439.8614586377025
934,1361472600,19544.45456324291
935,1361472900,15511.855756035255
936,1361473200,17390.38984113712
937,1361473500,2459.048763736264
938,1361473800,4890.625
939,1361474100,3926.682692307693
940,1361474400,646.1883197513184
941,1361474700,616.3885113851869
942,1361475000,4890.625
943,1361475300,3926.682692307693
944,1361475600,5104.6875
945,1361475900,19623.78787039606
946,1361476200,3901.163362100862
947,1361476500,3926.682692307693
948,1361476800,4572.265625
949,1361477100,3926.682692307693
950,1361477400,14141.214899873328
951,1361477700,26371.375967898897
952,1361478000,0.001
953,1361478300,5220.004091653028
954,1361478600,1225.1922896105077
955,1361478900,6069.110895555485
956,1361479200,43364.84649501595
957,1361479500,96085.8385560779
958,1361479800,211816.77998146915
959,1361480100,207527.30148744723
960,1361480400,0.001
961,1361480700,3646.205357142857
962,1361481000,69746.91418954839
963,1361481300,49111.026522585795
964,1361481600,35070.61600819857
965,1361481900,4268.415178571428
966,1361482200,3926.682692307693
967,1361482500,1109.770242316785
968,1361482800,14314.587130878008
969,1361483100,22622.11845269753
970,1361483400,11783.837280970723
971,1361483700,6585.056471907985
972,1361538000,4890.625
973,1361538300,4890.625
974,1361538600,4890.625
975,1361538900,641.2067130853267
976,1361539200,1708.3000886524824
977,1361539500,0.001
978,1361539800,1708.3288817663815
979,1361540100,1070.2429442663818
980,1361540400,0.001
981,1361540700,2451.0401392961876
982,1361541000,0.001
983,1361541300,46783.42013888888
984,1361541600,0.001
985,1361541900,0.001
986,1361542200,0.001
987,1361542500,15.845070422535212
988,1361542800,0.001
989,1361543100,0.001
990,1361543400,8888.725679000383
991,1361543700,60012.19857613983
992,1361544000,31547.3085381253
993,1361544300,5509.997626017145
994,1361544600,0.001
995,1361544900,0.001
996,1361545200,0.001
997,1361545500,0.001
998,1361545800,0.001
999,1361546100,0.001
1000,1361546400,0.001
1001,1361546700,0.001
1002,1361547000,0.001
1003,1361547300,0.001
1004,1361547600,0.001
1005,1361547900,0.001
1006,1361548200,0.001
1007,1361548500,0.001
1008,1361548800,0.001
1009,1361549100,16.1292394655704
1010,1361549400,0.001
1011,1361549700,0.001
1012,1361550000,0.001
1013,1361550300,0.001
1014,1361550600,135.41666666666666
1015,1361550900,0.001
1016,1361551200,0.001
1017,1361551500,0.001
1018,1361551800,0.001
1019,1361552100,0.001
1020,1361552400,6601.5625
1021,1361552700,8022.374873738541
1022,1361553000,2824.116709898808
1023,1361553300,2225.6152715248218
1024,1361553600,47.85565741448094
1025,1361553900,132.41525423728814
1026,1361554200,30.956009307264072
1027,1361554500,15.662718239488017
1028,1361554800,11.372626582278484
1029,1361555100,0.001
1030,1361555400,48.62241319995766
1031,1361555700,66.61184210526315
1032,1361556000,0.001
1033,1361556300,10010.243743562098
1034,1361556600,20234.804595637295
1035,1361556900,3045.4419068517245
1036,1361557200,13144.847755763483
1037,1361557500,9671.144947255305
1038,1361557800,4079.769586726874
1039,1361558100,6414.672511671907
1040,1361558400,10970.785505345553
1041,1361558700,4890.625
1042,1361559000,1173.889802631579
1043,1361559300,67.81914893617022
1044,1361559600,2085.2163461538466
1045,1361559900,2585.8963815789475
1046,1361560200,755.9479293854296
1047,1361560500,1997.2509206219315
1048,1361560800,2841.012286324786
1049,1361561100,804.9728359701766
1050,1361561400,1486.178594971813
1051,1361561700,971.3020738619143
1052,1361562000,0.001
1053,1361562300,2160.5057565789475
1054,1361562600,2407.1463815789475
1055,1361562900,101.2609649122807
1056,1361563200,5807.89133373505
1057,1361563500,2407.1341802731913
1058,1361563800,1933.1594243308168
1059,1361564100,2944.871794871795
1060,1361564400,2225.2710720130935
1061,1361564700,3646.205357142857
1062,1361565000,2033.058716793193
1063,1361565300,2028.1770309912804
1064,1361565600,2325.6091101694915
1065,1361565900,1023.7660905878993
1066,1361566200,4572.265625
1067,1361566500,1997.2509206219315
1068,1361566800,997.0552884615386
1069,1361567100,1344.7984860883798
1070,1361567400,1735.1151315789473
1071,1361567700,0.001
1072,1361568000,2716.534358198925
1073,1361568300,5104.6875
1074,1361568600,1300.5434738712884
1075,1361568900,656.7188041826523
1076,1361569200,1856.7629179331307
1077,1361569500,4640.625
1078,1361569800,3354.377216312057
1079,1361570100,67.32047872340425
